Model,Train_RMSE,Val_RMSE,MAE,R2_Score,MAPE
Gradient_Boosting,584.8364540936226,756.7040961013397,263.637980444077,0.9904900581314232,9.057436010453767
XGBoost,633.1340653914787,787.6339022545627,272.09330191001686,0.9896967438948615,9.244682271281658
Random_Forest,609.3352665419613,1028.1347464098517,323.0252135523521,0.9824439921725746,8.474455381058148
Decision_Tree,634.6126235461526,1324.885164679209,418.1804303257196,0.9708470728875368,9.559990586618312
Linear_Regression,3024.1617680655436,3038.560327274107,2074.275809545703,0.8466578956245943,124.22160249885978
